artist,music,track
Djavan,"valei-me, deus!
é o fim do nosso amor
perdoa, por favor
eu sei que o erro aconteceu
mas não sei o que fez
tudo mudar de vez
onde foi que eu errei?
eu só sei que amei,
que amei, que amei, que amei

será talvez
que minha ilusão
foi dar meu coração
com toda força
pra essa moça
me fazer feliz
e o destino não quis
me ver como raiz
de uma flor de lis

e foi assim que eu vi
nosso amor na poeira,
poeira
morto na beleza fria de maria

e o meu jardim da vida
ressecou, morreu
do pé que brotou maria
nem margarida nasceu.

e o meu jardim da vida
ressecou, morreu
do pé que brotou maria
nem margarida nasceu.


© 1976 bmg music publishing brasil.",Flor de Lis
Gilberto Gil,"aiaiá, kiriê 
kiriê, iaiá 

a refavela 
revela aquela 
que desce o morro e vem transar 
o ambiente 
efervescente 
de uma cidade a cintilar 

a refavela 
revela o salto 
que o preto pobre tenta dar 
quando se arranca 
do seu barraco 
prum bloco do bnh 

a refavela, a refavela, ó 
como é tão bela, como é tão bela, ó 

a refavela 
revela a escola 
de samba paradoxal 
brasileirinho 
pelo sotaque 
mas de língua internacional 

a refavela 
revela o passo 
com que caminha a geração 
do black jovem 
do black-rio 
da nova dança no salão 

iaiá, kiriê 
kiriê, iaiá 

a refavela 
revela o choque 
entre a favela-inferno e o céu 
baby-blue-rock 
sobre a cabeça 
de um povo-chocolate-e-mel 

a refavela 
revela o sonho 
de minha alma, meu coração 
de minha gente 
minha semente 
preta maria, zé, joão 

a refavela, a refavela, ó 
como é tão bela, como é tão bela, ó 

a refavela 
alegoria 
elegia, alegria e dor 
rico brinquedo 
de samba-enredo 
sobre medo, segredo e amor 

a refavela 
batuque puro 
de samba duro de marfim 
marfim da costa 
de uma nigéria 
miséria, roupa de cetim 

iaiá, kiriê 
kiriê, iáiá.",Refavela
Caetano Veloso,"eu sou o vento que lança a areia do saara
sobre os automóveis de roma
eu sou a sereia que dança
a destemida iara
água e folha da amazônia
eu sou a sombra da voz da matriarca da roma negra
você não me pega
você nem chega a me ver
meu som te cega, careta, quem é você?
que não sentiu o suingue de henri salvador
que não seguiu o olodum balançando o pelô
e que não riu com a risada de andy warhol
que não, que não e nem disse que não

eu sou um preto norte-americano forte
com um brinco de ouro na orelha
eu sou a flor da primeira música
a mais velha
a mais nova espada e seu corte
sou o cheiro dos livros desesperados
sou gitá gogóia
seu olho me olha mas não me pode alcançar
não tenho escolha, careta, vou descartar
quem não rezou a novena de dona canô
quem não seguiu o mendigo joãozinho beija-flor
quem não amou a elegância sutil de bobô
quem não é recôncavo e nem pode ser reconvexo


© editora gapa",Reconvexo - Ao Vivo
Cássia Eller,"é uma índia com colar
a tarde linda que não quer se por
dançam as ilhas sobre o mar
sua cartilha tem o a de que cor
o que está acontecendo?
o mundo está ao contrário e ninguém reparou
o que está acontecendo?
eu estava em paz quando você chegou

e são dois cílios em pleno ar
atrás do filho vem o pai e o avô
como um gatilho sem disparar
você invade mais um lugar
onde eu não vou
o que você está fazendo?
milhões de vasos sem nenhuma flor
o que você está fazendo?
um relicário imenso desse amor

sobe a lua, por que longe vai?
corre o dia tão vertical
o horizonte anuncia com o seu vitral
eu trocaria a eternidade por essa noite
por que está amanhecendo?
peço o contrário, ver o sol se por
por que está amanhecendo?
se não vou beijar seus lábios quando você se for

quem nesse mundo faz o que há durar
pura semente dura o futuro amor
eu sou a chuva pra você secar
pelo zunido das suas asas você me falou
o que você está dizendo?
milhões de frases sem nenhuma cor
o que você está dizendo?
um relicário imenso desse amor

o que você está dizendo?
o que você está fazendo?
por que é que está fazendo assim?",Relicário - Ao Vivo
Elis Regina,"não quero lhe falar meu grande amor 
das coisas que aprendi nos discos
quero lhe contar como eu vivi 
e tudo o que aconteceu comigo 
viver é melhor que sonhar 
eu sei que o amor é uma coisa boa 
mas também sei 
que qualquer canto é menor do que a vida 
de qualquer pessoa

por isso cuidado meu bem 
há perigo na esquina 
eles venceram e o sinal 
está fechado pra nós 
que somos jovens...

para abraçar seu irmão 
e beijar sua menina, na lua 
é que se fez o seu braço, 
o seu lábio e a sua voz...

você me pergunta pela minha paixão 
digo que estou encantada como uma nova invenção 
eu vou ficar nesta cidade não vou voltar pro sertão 
pois vejo vir vindo no vento cheiro da nova estação 
eu sei de tudo na ferida viva do meu coração...

já faz tempo eu vi você na rua 
cabelo ao vento, gente jovem reunida 
na parede da memória essa lembrança 
é o quadro que dói mais...

minha dor é perceber 
que apesar de termos feito tudo o que fizemos 
ainda somos os mesmos e vivemos 
ainda somos os mesmos e vivemos 
como os nossos pais...

nossos ídolos ainda são os mesmos 
e as aparências não enganam não 
você diz que depois deles não apareceu mais ninguém 
você pode até dizer que eu tô por fora 
ou então que eu tô inventando...

mas é você que ama o passado e que não vê 
é você que ama o passado e que não vê 
que o novo sempre vem...

hoje eu sei que quem me deu a ideia
de uma nova consciência e juventude 
tá em casa, guardado por deus 
contando vil metal...

minha dor é perceber que apesar de termos 
feito tudo, tudo, tudo o que fizemos 
nós ainda somos os mesmos e vivemos 
ainda somos os mesmos e vivemos 
ainda somos os mesmos e vivemos 
como os nossos pais...",Como Nossos Pais
Geraldo Azevedo,"se você vier pro que der e vier comigo
eu lhe prometo o sol...  se hoje o sol sair
ou a chuva...       se a chuva cair
se você vier até onde a gente chegar

numa praça na beira do mar
um pedaço de qualquer lugar
e neste dia branco se branco ele for

esse tan...to, esse canto de amor
se você quiser e vier pro que der e vier comigo
se branco ele for
esse tanto, esse canto, esse tão grande amor, grande amor

se você vier pro que der e vier comigo
eu lhe prometo o sol...  se hoje o sol sair
ou a chuva...       se a chuva cair
se você vier até onde a gente chegar

numa praça na beira do mar
um pedaço de qualquer lugar
e neste dia branco se branco ele for

esse canto, esse tão grande amor, grande amor
se você quiser e vier pro que der e vier comigo, comigo, comigo",Dia Branco - Ao Vivo | Bonus Track
Adriana Calcanhotto,"rasgue as minhas cartas
e não me procure mais
assim será melhor meu bem

o retrato que eu te dei
se ainda tens não sei
mas se tiver devolva-me

deixe-me sozinho
porque assim eu viverei em paz
quero que sejas bem feliz
junto do seu novo rapaz

rasgue as minhas cartas
e não me procure mais
assim vai ser melhor meu bem

o retrato que eu te dei
se ainda tens não sei
mas se tiver devolva-me

o retrato que eu te dei
se ainda tens não sei
mas se tiver...
devolva-me, devolva-me, devolva-me",Devolva-Me (Ao Vivo)
João Gilberto,"vai minha tristeza e diz a ela que
sem ela não pode ser
diz-lhe numa prece
que ela regresse
porque eu não posso mais sofrer

chega de saudade
a realidade é que
sem ela não há paz, não há beleza é só tristeza
e a melancolia que não sai de mim
não sai de mim, não sai

mas se ela voltar
se ela voltar, que coisa linda... que coisa louca
pois há menos peixinhos a nadar no mar
do que os beijinhos que eu darei na sua boca

dentro dos meus braços
os abraços hão de ser milhões de abraços
apertado assim, colado assim, calado assim
abraços e beijinhos e carinhos sem ter fim
que é para acabar com esse negócio
de viver longe de mim

vai minha tristeza e diz a ela que
sem ela não pode ser
diz-lhe numa prece
que ela regresse
porque eu não posso mais sofrer

chega de saudade
a realidade é que
sem ela não há paz, não há beleza é só tristeza
e a melancolia que não sai de mim
não sai de mim, não sai

mas se ela voltar
se ela voltar, que coisa linda... que coisa louca
pois há menos peixinhos a nadar no mar
do que os beijinhos que eu darei na sua boca

dentro dos meus braços
os abraços hão de ser milhões de abraços
apertado assim, colado assim, calado assim
abraços e beijinhos e carinhos sem ter fim
que é para acabar com esse negócio
de viver longe de mim
não quero mais esse negócio de você viver assim
vamos deixar esse negócio de você viver sem mim",Chega de Saudade
Chico Buarque,"não se afobe, não
que nada é pra já 
o amor não tem pressa
ele pode esperar em silêncio
num fundo de armário
na posta-restante 
milênios, milênios
no ar 

e quem sabe, então
o rio será
alguma cidade submersa
os escafandristas virão
explorar sua casa
seu quarto, suas coisas
sua alma, desvãos 


sábios em vão
tentarão decifrar 
o eco de antigas palavras
fragmentos de cartas, poemas
mentiras, retratos
vestígios de estranha civilização 


não se afobe, não 
que nada é pra já 
amores serão sempre amáveis
futuros amantes, quiçá 
se amarão sem saber 
com o amor que eu um dia
deixei pra você",Futuros Amantes
Ney Matogrosso,"tudo de bom que você me fizer
faz minha rima ficar mais rara
o que você faz me ajuda a cantar!
põe um sorriso na minha cara

meu amor, você me dá sorte!
meu amor, você me dá sorte!
meu amor, você me dá sorte na vida!

quando te vejo não saio do tom
mas meu desejo já se repara!
me dá um beijo com tudo de bom
e acende a noite na guanabara!

meu amor, você me dá sorte!
meu amor, você me dá sorte!
meu amor, você me dá sorte de cara!",Sorte
Gal Costa,"se tem luar no céu
retira o véu e faz chover sobre o nosso amor

chuva de prata que cai sem parar
quase me mata de tanto esperar
um beijo molhado de luz
sela o nosso amor

basta um pouquinho de mel pra adoçar
deixa cair o seu véu sobre nós
oh, lua bonita no céu
molha o nosso amor

toda vez que o amor disser ""vem comigo""
vai sem medo de se arrepender
você deve acreditar no que é lindo
pode ir fundo!
isso é que é viver!

cola seu rosto no meu, vem dançar
pinga seu nome no breu pra ficar
enquanto se esquece de mim
lembra da canção

toda vez que o amor disser ""vem comigo""
vai sem medo de se arrepender
você deve acreditar no que eu digo
pode ir fundo!
isso é que é viver!

chuva de prata que cai sem parar
quase me mata de tanto esperar
um beijo molhado de luz
sela nosso amor
enquanto se esquece de mim
lembra da canção
oh, lua bonita no céu
molha o nosso amor",Chuva de Prata - Ao Vivo
Gilberto Gil,"se eu quiser falar com deus
gilberto gil
1980


se eu quiser falar com deus
tenho que ficar a sós
tenho que apagar a luz
tenho que calar a voz
tenho que encontrar a paz
tenho que folgar os nós
dos sapatos, da gravata
dos desejos, dos receios
tenho que esquecer a data
tenho que perder a conta
tenho que ter mãos vazias
ter a alma e o corpo nus
se eu quiser falar com deus
tenho que aceitar a dor
tenho que comer o pão
que o diabo amassou
tenho que virar um cão
tenho que lamber o chão
dos palácios, dos castelos
suntuosos do meu sonho
tenho que me ver tristonho
tenho que me achar medonho
e apesar de um mal tamanho
alegrar meu coração
se eu quiser falar com deus
tenho que me aventurar
tenho que subir aos céus
sem cordas pra segurar
tenho que dizer adeus
dar as costas, caminhar
decidido, pela estrada
que ao findar vai dar em nada
nada, nada, nada, nada
nada, nada, nada, nada
nada, nada, nada, nada
do que eu pensava encontrar
",Se Eu Quiser Falar Com Deus
Gilberto Gil,"aquele abraço

gilberto gil
1969

o rio de janeiro continua lindo
o rio de janeiro continua sendo
o rio de janeiro, fevereiro e março
alô, alô, realengo - aquele abraço!
alô, torcida do flamengo - aquele abraço!
chacrinha continua balançando a pança
e buzinando a moça e comandando a massa
e continua dando as ordens no terreiro
alô, alô, seu chacrinha - velho guerreiro
alô, alô, terezinha, rio de janeiro
alô, alô, seu chacrinha - velho palhaço
alô, alô, terezinha - aquele abraço!
alô, moça da favela - aquele abraço!
todo mundo da portela - aquele abraço!
todo mês de fevereiro - aquele passo!
alô, banda de ipanema - aquele abraço!
meu caminho pelo mundo eu mesmo traço
a bahia já me deu régua e compasso
quem sabe de mim sou eu - aquele abraço!
pra você que me esqueceu - aquele abraço!
alô, rio de janeiro - aquele abraço!
todo o povo brasileiro - aquele abraço!",Aquele Abraço
Gal Costa,"o que é que há?
o que é que tá se passando com essa cabeça?
o que é que há?
o que é que tá me faltando pra que eu te conheça melhor?
pra que eu te receba sem choque?
pra que eu te perceba no toque das mãos em seu coração?

o que é que há?
por que é que há tanto tempo você não procura meu ombro?
por que será?
por que será que esse fogo não queima o que tem pra queimar?
que a gente não ama o que tem pra se amar?
que o sol tá se pondo e a gente não larga essa angústia do olhar?

telefona
não deixa que eu fuja
me ocupa os espaços vazios
me arranca desta ansiedade
me acolhe, me acalma
em teus braços macios

o que é que há?
o que é que tá se passando com a minha cabeça?
o que é que há?

telefona
não deixa que eu fuja
me ocupa os espaços vazios
me arranca desta ansiedade
me acolhe, me acalma
em teus braços macios

o que é que há?
o que é que há?
o que é que há?",O Que É Que Há
Tribalistas,"vem pra minha aula que hoje a nossa escola
vai desfilar
vem fazer história que hoje é dia de glória
neste lugar
vem comemorar, escandalizar ninguém
vem me namorar vou te namorar também
vamos pra avenida, desfilar a vida, carnavalizar

na portela tem, mocidade, imperatriz
no império tem, uma vila tão feliz
beija flor, vem ver, a porta-bandeira
na mangueira tem morena da tradição

sinto a batucada se aproximar
estou ensaiado para te tocar

repique tocou, o surdo escutou
e o meu corasamborim (tamborim)
cuíca gemeu
será que era eu
quando ela passou por mim
lá lá lá...",Carnavália - Ao Vivo
Chico Buarque,"vou voltar
sei que ainda vou voltar
para o meu lugar
foi lá e é ainda lá
que eu hei de ouvir cantar
uma sabiá

vou voltar
sei que ainda vou voltar
vou deitar à sombra 
de uma palmeira que já não há
colher a flor que já não dá
e algum amor talvez 
possa espantar as noites
que eu não queria
e anunciar o dia

vou voltar
sei que ainda vou voltar
não vai ser em vão
que fiz tantos planos
de me enganar
como fiz enganos
de me encontrar
como fiz estradas 
de me perder
fiz de tudo e nada 
de te esquecer

vou voltar
sei que ainda vou voltar
e é pra ficar
sei que o amor existe
eu não sou mais triste
e que a nova vida
já vai chegar
e que a solidão 
vai se acabar",Sabiá - Ao Vivo
Milton Nascimento,"já falei tantas vezes
do verde dos teus olhos
todos os sentimentos me tocam a alma
alegria ou tristeza
se espalhando no campo, no canto, no gesto
no sonho da vida.

mas agora é o balanço
essa dança nos toma
esse som nos abraça meu amor

o teu corpo moreno
vai abrindo caminhos
acelera meu peito nem acredito
no sonho que vejo.

e seguimos dançando, um balanço malandro
e tudo rodando
pareçe que o mundo foi feito pra nós
nesse som que nos toca.

me abraça me aperta
me prende em suas pernas
me prende, me força, me roda, me encanta
me enfeita num beijo.

por do sol e aurora
norte sul leste oeste
lua nuvens estrelas e a banda toca
parece mágia e é pura beleza
e essa música sente e parece que a gente
se enrola corrente e tão de repente você
tem a mim.",A Festa - Acústico
Lenine,"daqui desse momento
do meu olhar pra fora
o mundo é só miragem
a sombra do futuro
a sobra do passado
assombram a paisagem
quem vai virar o jogo e transformar a perda
em nossa recompensa
quando eu olhar pro lado
eu quero estar cercado só de quem me interessa

às vezes é um instante
a tarde faz silêncio
o vento sopra a meu favor
às vezes eu pressinto e é como uma saudade
de um tempo que ainda não passou
me traz o seu sossego, atrasa o meu relógio
acalma a minha pressa
me dá sua palavra
sussurre em meu ouvido
só o que me interessa

a lógica do vento
o caos do pensamento
a paz na solidão
a órbita do tempo
a pausa do retrato
a voz da intuição
a curva do universo
a fórmula do acaso
o alcance da promessa
o salto do desejo
o agora e o infinito
só o que me interessa",É O Que Me Interessa - Ao Vivo
Lulu Santos,"eu gosto tanto de você
que até prefiro esconder
deixo assim ficar
subentendido

como uma ideia que existe na cabeça
e não tem a menor obrigação de acontecer

eu acho tão bonito isso
de ser abstrato, baby
a beleza é mesmo tão fugaz

é uma ideia que existe na cabeça
e não tem a menor pretensão de acontecer

pode até parecer fraqueza
pois que seja fraqueza então
a alegria que me dá
isso vai sem eu dizer

se amanhã não for nada disso
caberá só a mim esquecer
o que eu ganho, o que eu perco
ninguém precisa saber

eu gosto tanto de você
que até prefiro esconder
deixo assim ficar
subentendido

como uma ideia que existe na cabeça
e não tem a menor pretensão de acontecer

pode até parecer fraqueza
pois que seja fraqueza então
a alegria que me dá
isso vai sem eu dizer

se amanhã não for nada disso
caberá só a mim esquecer
(eu vou sobreviver)
o que eu ganho, o que eu perco
ninguém precisa saber",Apenas Mais uma de Amor
Nando Reis,"como vai você?
eu preciso saber da sua vida
peça a alguém pra me contar sobre o seu dia
anoiteceu e eu preciso só saber

como vai você?
que já modificou a minha vida
razão de minha paz já esquecida
nem sei se gosto mais de mim ou de você

vem, que a sede de te amar me faz melhor
eu quero amanhecer ao seu redor
preciso tanto me fazer feliz

vem, que o tempo pode afastar nós dois
não deixe tanta vida pra depois
eu só preciso saber
como vai você?",Como Vai Você
Elza Soares,"disparo contra o sol
sou forte, sou por acaso
minha metralhadora cheia de mágoas
eu sou um cara
cansado de correr
na direção contrária
sem pódio de chegada ou beijo de namorada
eu sou mais um cara

mas se você achar
que eu tô derrotado
saiba que ainda estão rolando os dados
porque o tempo, o tempo não para

dias sim, dias não
eu vou sobrevivendo sem um arranhão
da caridade de quem me detesta

a tua piscina tá cheia de ratos
tuas ideias não correspondem aos fatos
o tempo não para

eu vejo o futuro repetir o passado
eu vejo um museu de grandes novidades
o tempo não para
não para, não, não para

eu não tenho data pra comemorar
às vezes os meus dias são de par em par
procurando agulha num palheiro

nas noites de frio é melhor nem nascer
nas de calor, se escolhe: é matar ou morrer
e assim nos tornamos brasileiros
te chamam de ladrão, de bicha, maconheiro
transformam o país inteiro num puteiro
pois assim se ganha mais dinheiro

a tua piscina tá cheia de ratos
tuas ideias não correspondem aos fatos
o tempo não para

eu vejo o futuro repetir o passado
eu vejo um museu de grandes novidades
o tempo não para
não para, não, não para

dias sim, dias não
eu vou sobrevivendo sem um arranhão
da caridade de quem me detesta

a tua piscina tá cheia de ratos
tuas ideias não correspondem aos fatos
o tempo não para

eu vejo o futuro repetir o passado
eu vejo um museu de grandes novidades
o tempo não para
não para, não, não para",O Tempo Não Para
Maria Bethânia,"quando você me deixou, meu bem
me disse pra ser feliz e passar bem
quis morrer de ciúme, quase enlouqueci
mas depois, como era de costume, obedeci

quando você me quiser rever
já vai me encontrar refeita, pode crer
olhos nos olhos, quero ver o que você faz
ao sentir que sem você eu passo bem demais

e que venho até remoçando
me pego cantando
sem mas nem por que
e tantas águas rolaram
tantos homens me amaram
bem mais e melhor que você

quando talvez precisar de mim
'cê sabe que a casa é sempre sua, venha sim
olhos nos olhos, quero ver o que você diz
quero ver como suporta me ver tão feliz",Olhos Nos Olhos
Toquinho,"o homem que diz ""dou"" não dá, porque quem dá mesmo não diz
o homem que diz ""vou"" não vai, porque quando foi já não quis
o homem que diz ""sou"" não é, porque quem é mesmo é ""não sou""
o homem que diz ""tô"" não tá, porque ninguém tá quando quer
coitado do homem que cai no canto de ossanha, traidor
coitado do homem que vai atrás de mandinga de amor
vai, vai, vai, vai, não vou
vai, vai, vai, vai, não vou
vai, vai, vai, vai, não vou
vai, vai, vai, vai, não vou
que eu não sou ninguém de ir em conversa de esquecer
a tristeza de um amor que passou
não, eu só vou se for pra ver uma estrela aparecer
na manhã de um novo amor
amigo senhor, saravá, xangô me mandou lhe dizer
se é canto de ossanha, não vá, que muito vai se arrepender
pergunte ao seu orixá, o amor só é bom se doer
pergunte ao seu orixá, o amor só é bom se doer
vai, vai, vai, vai, amar
vai, vai, vai, sofrer
vai, vai, vai, vai, chorar
vai, vai, vai, dizer
que eu não sou ninguém de ir em conversa de esquecer
a tristeza de um amor que passou
não, eu só vou se for pra ver uma estrela aparecer
na manhã de um novo amor",Canto de Ossanha
Zé Ramalho,"há um brilho de faca
onde o amor vier
e ninguém tem o mapa
da alma da mulher
ninguém sai com o coração sem sangrar
ao tentar revê-la
um ser maravilhoso
entre a serpente e a estrela

um grande amor do passado
se transforma em aversão
e os dois lado a lado
corroem o coração
não existe saudade mais cortante
que a de um grande amor ausente
dura feito diamante
corta a ilusão da gente

toco a vida pra frente
fingindo não sofrer
mas o peito dormente
espera o bem-querer
e sei que não será surpresa
se o futuro me trouxer
o passado de volta
num semblante de mulher
o passado de volta
num semblante de mulher",Entre a Serpente e a Estrela - Ao Vivo
Lô Borges,"da janela lateral do quarto de dormir
vejo uma igreja, um sinal de glória
vejo um muro branco e um vôo pássaro
vejo uma grade e um velho sinal
mensageiro natural, de coisas naturais
quando eu falava dessas cores mórbidas
quando eu falava desses homens sórdidos
quando eu falava desse temporal 
você não escutou
você não quer acreditar, mas isso é tão normal
você não quer acreditar, e eu apenas era
cavaleiro marginal lavado em ribeirão
cavaleiro negro que viveu mistérios
cavaleiro e senhor de casa e árvores
sem querer descanso nem dominical
cavaleiro marginal banhado em ribeirão
conheci as torres e os cemitérios
conheci os homens e os seus velórios
quando olhava da janela lateral
do quarto de dormir
você não quer acreditar, mas isso é tão normal
você não quer acreditar, mas isso é tão normal
um cavaleiro marginal banhado em ribeirão
você não quer acreditar que eu apenas era... (1ª vez)",Paisagem da Janela - Ao Vivo
Chico Buarque,"amou daquela vez como se fosse a última
beijou sua mulher como se fosse a última
e cada filho seu como se fosse o único
e atravessou a rua com seu passo tímido
subiu a construção como se fosse máquina
ergueu no patamar quatro paredes sólidas
tijolo com tijolo num desenho mágico
seus olhos embotados de cimento e lágrima
sentou pra descansar como se fosse sábado
comeu feijão com arroz como se fosse um príncipe
bebeu e soluçou como se fosse um náufrago
dançou e gargalhou como se ouvisse música
e tropeçou no céu como se fosse um bêbado
e flutuou no ar como se fosse um pássaro
e se acabou no chão feito um pacote flácido
agonizou no meio do passeio público
morreu na contramão atrapalhando o tráfego

amou daquela vez como se fosse o último
beijou sua mulher como se fosse a única
e cada filho como se fosse o pródigo
e atravessou a rua com seu passo bêbado
subiu a construção como se fosse sólido
ergueu no patamar quatro paredes mágicas
tijolo com tijolo num desenho lógico
seus olhos embotados de cimento e tráfego
sentou pra descansar como se fosse um príncipe
comeu feijão com arroz como se fosse o máximo
bebeu e soluçou como se fosse máquina
dançou e gargalhou como se fosse o próximo
e tropeçou no céu como se ouvisse música
e flutuou no ar como se fosse sábado
e se acabou no chão feito um pacote tímido
agonizou no meio do passeio náufrago
morreu na contramão atrapalhando o público

amou daquela vez como se fosse máquina
beijou sua mulher como se fosse lógico
ergueu no patamar quatro paredes flácidas
sentou pra descansar como se fosse um pássaro
e flutuou no ar como se fosse um príncipe
e se acabou no chão feito um pacote bêbado
morreu na contra-mão atrapalhando o sábado

por esse pão pra comer, por esse chão prá dormir 
a certidão pra nascer e a concessão pra sorrir 
por me deixar respirar, por me deixar existir, 
deus lhe pague 
pela cachaça de graça que a gente tem que engolir 
pela fumaça e a desgraça, que a gente tem que tossir 
pelos andaimes pingentes que a gente tem que cair, 
deus lhe pague pela mulher carpideira pra nos louvar e cuspir 
e pelas moscas bicheiras a nos beijar e cobrir 
e pela paz derradeira que enfim vai nos redimir, 
deus lhe pague



1971 © by cara nova editora musical ltda.",Construção
Teresa Cristina,"linda
te sinto mais bela
te fico na espera
me sinto tão só
mas o tempo que passa
em dor maior, bem maior
linda
no que se apresenta
o triste se ausenta
fez-se a alegria
corra e olhe o céu
que o sol vem trazer
bom dia
ai, corra e olhe o céu
que o sol vem trazer
bom dia",Corra e Olhe o Céu - Ao Vivo
Gal Costa,"dueto com luís melodia

tente passar pelo que estou passando
tente apagar este teu novo engano
tente me amar pois estou te amando
baby te amo, nem sei se te amo

tente usar a roupa que estou usando
tente esquecer em que ano estamos
arranje algum sangue escreva num pano
pérola negra, te amo, te amo

rasgue a camisa enxugue meu pranto
como prova de amor mostre teu novo canto
escreva num quadro em palavras gigantes
pérola negra, te amo, te amo

tente entender tudo mais sobre o sexo
peça meu livro querendo te empresto
se inteira da coisa sem haver engano
baby te amo, nem sei se te amo",Pérola Negra - Ao Vivo
Tribalistas,"se um dia eu te encontrar
do jeito que sonhei
quem sabe ser seu par perfeito
e te amar
do jeito que eu imaginei

ao virar a esquina
atrás de uma cortina me perder
no escuro com você

fogo na fogueira
seu beijo e o desejo em seu olhar
as flores no altar

véu e grinalda
lua de mel
chuva de arroz
e tudo depois

dama de honra
pega o buquê
ninguém mais feliz
que eu e você

se um dia eu te encontrar
do jeito que sonhei
quem sabe ser seu par perfeito
e te amar
do jeito que eu imaginei

ao virar a esquina
atrás de uma cortina me perder
no escuro com você

fogo na fogueira
seu beijo e o desejo em seu olhar
as flores no altar

véu e grinalda
lua de mel
chuva de arroz
e tudo depois

dama de honra
pega o buquê
ninguém mais feliz
que eu e você

ninguém mais feliz
que eu e você

se um dia eu te encontrar
do jeito que sonhei
quem sabe ser seu par perfeito
e te amar
do jeito que eu imaginei",Aliança
Cartola,"deixe-me ir, preciso andar
vou por aí a procurar
sorrir pra não chorar

quero assistir ao sol nascer
ver as águas dos rios correr
ouvir os pássaros cantar
eu quero nascer e quero viver

deixe-me ir, preciso andar
vou por aí a procurar
sorrir pra não chorar

se alguém por mim perguntar
diga que eu só vou voltar
depois que eu me encontrar

quero assistir ao sol nascer
ver as águas dos rios correr
ouvir os pássaros cantar
eu quero nascer e quero viver

deixe-me ir, preciso andar
vou por aí a procurar
sorrir pra não chorar",Preciso Me Encontrar
Antônio Carlos Jobim,"é pau, é pedra, é o fim do caminho
é um resto de toco, é um pouco sozinho
é um caco de vidro, é a vida, é o sol
é a noite, é a morte, é um laço, é o anzol

é peroba do campo, é o nó da madeira
caingá, candeia, é o matita pereira
é madeira de vento, tombo da ribanceira
é o mistério profundo, é o queira ou não queira

é o vento ventando, é o fim da ladeira
é a viga, é o vão, festa da cumeeira
é a chuva chovendo, é conversa ribeira
das águas de março, é o fim da canseira

é o pé, é o chão, é a marcha estradeira
passarinho na mão, pedra de atiradeira
é uma ave no céu, é uma ave no chão
é um regato, é uma fonte, é um pedaço de pão

é o fundo do poço, é o fim do caminho
no rosto o desgosto, é um pouco sozinho
é um estrepe, é um prego, é uma ponta, é um ponto
é um pingo pingando, é uma conta é um conto

é um peixe, é um gesto, é uma prata brilhando
é a luz da manhã, é o tijolo chegando
é a lenha, é o dia, é o fim da picada
é a garrafa de cana, o estilhaço na estrada

é o projeto da casa, é o corpo na cama
é o carro enguiçado, é a lama, é a lama
é um passo, é uma ponte, é um sapo, é uma rã
é um resto de mato, na luz da manhã

são as águas de março fechando o verão
é a promessa de vida no teu coração

é uma cobra, é um pau, é joão, é josé
é um espinho na mão, é um corte no pé

são as águas de março fechando o verão
é a promessa de vida no teu coração

é pau, é pedra, é o fim do caminho
é um resto de toco, é um pouco sozinho
é um passo, é uma ponte, é um sapo, é uma rã
é um belo horizonte, é uma febre terçã

são as águas de março fechando o verão
é a promessa de vida no teu coração

pau, -edra, -fim, -inho,
-esto, -oco, -ouco, -inho,
-aco, -idro, -ida, -ol,
-oite, -orte, -aço, -azol

são as águas de março fechando o verão
é a promessa de vida no teu coração",Águas De Março
Zeca Baleiro,"eu não sei dizer
o que quer dizer
o que vou dizer
eu amo você
mas não sei o que
isso quer dizer
eu não sei por que
eu teimo em dizer
que amo você
se eu não sei dizer
o que quer dizer
o que vou dizer
se eu digo pare
você não repare
no que possa parecer
se eu digo siga
o que quer que eu diga
você não vai entender
mas se eu digo venha
você traz a lenha
pro meu fogo acender",Lenha
Alceu Valença,"na bruma leve das paixões que vêm de dentro
tu vens chegando pra brincar no meu quintal
no teu cavalo peito nu cabelo ao vento
e o sol quarando nossas roupas no varal
tu vens, tu vens
eu já escuto os teus sinais
a voz de um anjo sussurrou no meu ouvido
e eu não duvido já escuto os teus sinais
que tu virias numa manhã de domingo
eu te anuncio nos sinos das catedrais",Anunciação - Ao Vivo
Djavan,"eu não digo que não
ela é bela e fera
mas não pondera
e me deixa ""doindin""

quando eu penso que sim
ela dá de ombro
e eu me escombro ""sozin""

se com ela há muito mais luar
porque viver dias sombrios?
eu não posso me distanciar
e me perder dos seus carinhos
você é demais... muito mais pra mim

não é um bolero
é amor sincero, que a tudo resiste
não a ter do lado, me deixa abalado
e nada é mais triste
a vida é atoa, não fica de boa
quem não tem um querer
eu tenho de tudo mas me falta tudo
se eu não tenho você",Não é um Bolero
Lenine,"mesmo quando tudo pede um pouco mais de calma
até quando o corpo pede um pouco mais de alma
a vida não para

enquanto o tempo acelera e pede pressa
eu me recuso faço hora vou na valsa
a vida é tão rara

enquanto todo mundo espera a cura do mal
e a loucura finge que isso tudo é normal
eu finjo ter paciência
e o mundo vai girando cada vez mais veloz
a gente espera do mundo e o mundo espera de nós
um pouco mais de paciência

será que é tempo que lhe falta pra perceber
será que temos esse tempo pra perder
e quem quer saber
a vida é tão rara (tão rara)

mesmo quando tudo pede um pouco mais de calma
até quando o corpo pede um pouco mais de alma
eu sei, a vida não para (a vida não para não)

será que é tempo que lhe falta pra perceber
será que temos esse tempo pra perder
e quem quer saber
a vida é tão rara (tão rara)

mesmo quando tudo pede um pouco mais de calma
até quando o corpo pede um pouco mais de alma
eu sei, a vida é tão rara (a vida não para não) 
(a vida é tão rara)",Paciência
Raul Seixas,"eu prefiro ser
essa metamorfose ambulante
eu prefiro ser
essa metamorfose ambulante
do que ter aquela velha opinião formada sobre tudo
do que ter aquela velha opinião formada sobre tudo

eu quero dizer
agora o oposto do que eu disse antes
eu prefiro ser
essa metamorfose ambulante
do que ter aquela velha opinião formada sobre tudo
do que ter aquela velha opinião formada sobre tudo
sobre o que é o amor
sobre o que eu nem sei quem sou
se hoje eu sou estrela
amanhã já se apagou
se hoje eu te odeio
amanhã lhe tenho amor
lhe tenho amor
lhe tenho horror
lhe faço amor
eu sou um ator
é chato chegar
a um objetivo num instante
eu quero viver
nessa metamorfose ambulante
do que ter aquela velha opinião formada sobre tudo
do que ter aquela velha opinião formada sobre tudo
sobre o que é o amor
sobre o que eu nem sei quem sou
se hoje eu sou estrela
amanhã já se apagou
se hoje eu te odeio
amanhã lhe tenho amor
lhe tenho amor
lhe tenho horror
lhe faço amor
eu sou um ator
eu vou desdizer
aquilo tudo que eu lhe disse antes
eu prefiro ser
essa metamorfose ambulante
do que ter aquela velha opinião formada sobre tudo
do que ter aquela velha opinião formada sobre tudo
do que ter aquela velha opinião formada sobre tudo
do que ter aquela velha velha velha velha velha
opinião formada sobre tudo
do que ter aquela velha opinião formada sobre tudo",Metamorfose ambulante
Patricia Marx,"os seus olhos são espelhos d'água
brilhando você, pra qualquer um
por onde esse amor andava
que não quis você de jeito algum
que vontade de ter você
que vontade de perguntar
se ainda é cedo

que vontade de merecer
um cantinho do seu olhar
mas tenho medo

os seus olhos são espelhos d`água
brilhando você, pra qualquer um
por onde esse amor andava
que não quis você de jeito algum
que vontade de ter você
que vontade de perguntar
se ainda é cedo
que vontade de merecer
um cantinho do teu olhar
mas tenho medo

que vontade de ter você
que vontade de perguntar
se ainda é cedo
que vontade de merecer
um cantinho do teu olhar
mas tenho medo

que ainda é cedo
mas tenho medo",Espelhos D'água
Caetano Veloso,"onde queres revólver, sou coqueiro
onde queres dinheiro, sou paixão
onde queres descanso, sou desejo
e onde sou só desejo, queres não
e onde não queres nada, nada falta
e onde voas bem alta, eu sou o chão
e onde pisas o chão, minha alma salta
e ganha liberdade na amplidão

onde queres família, sou maluco
e onde queres romântico, burguês
onde queres leblon, sou pernambuco
e onde queres eunuco, garanhão
onde queres o sim e o não, talvez
e onde vês, eu não vislumbro razão
onde o queres o lobo, eu sou o irmão
e onde queres cowboy, eu sou chinês

ah! bruta flor do querer
ah! bruta flor, bruta flor

onde queres o ato, eu sou o espírito
e onde queres ternura, eu sou tesão
onde queres o livre, decassílabo
e onde buscas o anjo, sou mulher
onde queres prazer, sou o que dói
e onde queres tortura, mansidão
onde queres um lar, revolução
e onde queres bandido, sou herói

eu queria querer-te amar o amor
construir-nos dulcíssima prisão
encontrar a mais justa adequação
tudo métrica e rima e nunca dor
mas a vida é real e de viés
e vê só que cilada o amor me armou
eu te quero (e não queres) como sou
não te quero (e não queres) como és

ah! bruta flor do querer
ah! bruta flor, bruta flor

onde queres comício, flipper-vídeo
e onde queres romance, rock'n roll
onde queres a lua, eu sou o sol
onde a pura natura, o inseticídio
onde queres mistério, eu sou a luz
e onde queres um canto, o mundo inteiro
onde queres quaresma, fevereiro
e onde queres coqueiro, eu sou obus

o quereres e o estares sempre a fim
do que em mim é de mim tão desigual
faz-me querer-te bem, querer-te mal
bem a ti, mal ao quereres assim
infinitivamente pessoal
e querendo querer-te sem ter fim
e, querendo-te, aprender o total
do querer que há e do que não há em mim

© editora gapa
62527177 brmca8400163",O Quereres
Cartola,"ainda é cedo, amor
mal começaste a conhecer a  vida
já anuncias a hora de partida
sem saber mesmo o rumo que irás tomar

preste atenção, querida
embora eu saiba que estás resolvida
em cada esquina cai um pouco tua vida
em pouco tempo não serás mais o que  és

ouça-me bem, amor
preste atenção o mundo é um moinho
vai triturar teus sonhos, tão mesquinho
vai reduzir as ilusões a pó

preste atenção, querida
de cada amor tu herdarás só o cinismo
quando notares estás a beira do abismo
abismo que cavaste com teus pés",O Mundo É Um Moinho
Marisa Monte,"penso em ficar quieto um pouquinho
lá no meio do som
peço salamaleikum, carinho, bênção, axé, shalom
passo devagarinho o caminho
que vai de tom em tom
posso ficar pensando no que é bom

vejo uma trilha clara pro meu brasil, apesar da dor
vertigem visionária que não carece de seguidor
nu com a minha música, afora isso somente amor
vislumbro certas coisas de onde estou

nu com meu violão, madrugada
nesse quarto de hotel
logo mais sai o ônibus pela estrada, embaixo do céu
o estado de são paulo é bonito
penso em você e eu
cheio dessa esperança que deus deu

quando eu cantar pra turba de araçatuba, verei você
já em barretos eu só via os operários do abc
quando eu chegar em americana, não sei o que vai ser
ás vezes é solitário viver

deixo fluir tranquilo
naquilo tudo que não tem fim
eu que existindo tudo comigo, depende só de mim
vaca, manacá, nuvem, saudade
cana, café, capim
coragem grande é poder dizer sim
coragem grande é poder dizer sim
coragem grande é poder dizer sim",Nu Com A Minha Música
Cazuza,"amor da minha vida
daqui até a eternidade
nossos destinos
foram traçados na maternidade

paixão cruel, desenfreada
te trago mil rosas roubadas
pra desculpar minhas mentiras
minhas mancadas

exagerado
jogado aos teus pés
eu sou mesmo exagerado
adoro um amor inventado

eu nunca mais vou respirar
se você não me notar
eu posso até morrer de fome
se você não me amar

e por você eu largo tudo
vou mendigar, roubar, matar
até nas coisas mais banais
pra mim é tudo ou nunca mais

exagerado
jogado aos teus pés
eu sou mesmo exagerado
adoro um amor inventado

e por você eu largo tudo
carreira, dinheiro, canudo
até nas coisas mais banais
pra mim é tudo ou nunca mais

exagerado
jogado aos teus pés
eu sou mesmo exagerado
adoro um amor inventado

jogado aos teus pés
com mil rosas roubadas
exagerado
eu adoro um amor inventado",Exagerado 3.0
Maria Gadú,"sai de si 
vem curar teu mal
te transbordo em som
põe juizo em mim
teu olhar me tirou daqui
ampliou meu ser
quero um pouco mais
não tudo 
pra gente não perder a graça no escuro
no fundo
pode ser até pouquinho
sendo só pra mim sim

olhe só 
como a noite cresce em glória
e a distância traz 
nosso amanhecer
deixa estar que o que for pra ser vigora
eu sou tão feliz
vamos dividir

os sonhos
que podem transformar o rumo da história
vem logo
que o tempo voa como eu
quando penso em você

olhe só 
como a noite cresce em glória
e a distância traz 
nosso amanhecer
deixa estar que o que for pra ser vigora
eu sou tão feliz
vamos dividir

os sonhos
que podem transformar o rumo da história
vem logo
que o tempo voa como eu
quando penso em você",Encontro
Ana Carolina,"eu e você
não é assim tão complicado
não é difícil perceber

quem de nós dois
vai dizer que é impossível
o amor acontecer

se eu disser
que já nem sinto nada
que a estrada sem você
é mais segura
eu sei você vai rir da minha cara
eu já conheço o teu sorriso
leio o teu olhar
teu sorriso é só disfarce
o que eu já nem preciso

sinto dizer que amo mesmo
tá ruim pra disfarçar
entre nós dois
não cabe mais nenhum segredo
além do que já combinamos

no vão das coisas que a gente disse
não cabe mais sermos somente amigos
e quando eu falo que eu já nem quero
a frase fica pelo avesso
meio na contra mão
e quando finjo que esqueço
eu não esqueci nada

e cada vez que eu fujo, eu me aproximo mais
e te perder de vista assim é ruim demais
e é por isso que atravesso o teu futuro
e faço das lembranças um lugar seguro
não é que eu queira reviver nenhum passado
nem revirar um sentimento revirado
mas toda vez que eu procuro uma saída
acabo entrando sem querer na sua vida

eu procurei qualquer desculpa pra não te encarar
pra não dizer de novo e sempre a mesma coisa
falar só por falar
que eu já não tô nem aí pra essa conversa
que a história de nós dois não me interessa
se eu tento esconder meias verdades
você conhece o meu sorriso
lê o meu olhar
meu sorriso é só disfarce
o que eu já nem preciso

e cada vez que eu fujo, eu me aproximo mais
e te perder de vista assim é ruim demais
e é por isso que atravesso o teu futuro
e faço das lembranças um lugar seguro
não é que eu queira reviver nenhum passado
nem revirar um sentimento revirado
mas toda vez que eu procuro uma saída
acabo entrando sem querer na sua vida",Quem de nós Dois (La Mia Storia Tra Le Dita)
Toquinho,"numa folha qualquer eu desenho um sol amarelo
e com cinco ou seis retas é fácil fazer um castelo
corro o lápis em torno da mão e me dou uma luva,
e se faço chover, com dois riscos tenho um guarda-chuva

se um pinguinho de tinta cai num pedacinho azul do papel,
num instante imagino uma linda gaivota a voar no céu
vai voando, contornando a imensa curva norte e sul,
vou com ela, viajando, havaí, pequim ou istambul
pinto um barco a vela branco, navegando, 
é tanto céu e mar num beijo azul
entre as nuvens vem surgindo um lindo avião rosa e grená
tudo em volta colorindo, com suas luzes á piscar
basta imaginar que ele está partindo, sereno, lindo,
e se a gente quiser, ele vai pousar

numa folha qualquer eu desenho um navio de partida
com alguns bons amigos bebendo de bem com a vida
de uma américa a outra consigo passar num segundo,
giro um simples compasso e num círculo eu faço o mundo

um menino caminha e caminhando chega no muro
e ali logo em frente, a esperar pela gente, o futuro está
e o futuro é uma astronave que tentamos pilotar,
não tem tempo nem piedade, nem tem hora de chegar
sem pedir licença muda nossa vida, depois convida a rir ou chorar

nessa estrada não nos cabe conhecer ou ver o que virá
o fim dela ninguém sabe bem ao certo onde vai dar
vamos todos numa linda passarela
de uma aquarela que um dia, enfim, descolorirá

(que descolorirá)
(que descolorirá)
(que descolorirá)",Aquarela
Marisa Monte,"depois de sonhar tantos anos
de fazer tantos planos
de um futuro pra nós
depois de tantos desenganos
nós nos abandonamos como tantos casais
quero que você seja feliz
hei de ser feliz também

depois de varar madrugada
esperando por nada
de arrastar-me no chão
em vão
tu viraste-me as costas
não me deu as respostas
que eu preciso escutar
quero que você seja melhor
hei de ser melhor também

nós dois
já tivemos momentos
mas passou nosso tempo
não podemos negar
foi bom
nós fizemos história
pra ficar na memória
e nos acompanhar
quero que você viva sem mim
eu vou conseguir também

depois de aceitarmos os fatos
vou trocar seus retratos pelos de um outro alguém
meu bem
vamos ter liberdade
para amar à vontade
sem trair mais ninguém
quero que você seja feliz
hei de ser feliz também
depois",Depois
Maria Rita,"perfumei o corredor,
perfumei  o elevador
pra tirar de vez o mau olhado
a saudade me esquentou
consertei o ventilador
pro teu corpo não ficar suado
nessa onda de calor
eu até peguei uma cor
tô com o corpo todo bronzeado

seja do jeito que for
eu te juro meu amor
se quiser voltar, tá perdoado.

fui a pé a salvador
de joelho ao redentor
pra ver nosso amor abençoado
nosso lar se enfeitou
a esperança germinou
ah, tem muita flor
pra todo lado
pra curar a minha dor
procurei um bom doutor
me mandou beijar teu beijo
mais molhado

seja do jeito que for
eu te juro, meu amor,
se quiser voltar, tá perdoado

e se voltar te dou café
preliminar com cafuné
pra deixar teu dia mais gostoso
pode almoçar o que quiser,
e repetir,
te dou colher
faz daquele jeito carinhoso
deixa pintar o entardecer
e o sol brincar de se esconder
tarde e chuva
eu fico mais fogosa
e vai ficando pro jantar
tu vai ver só,
pode esperar
que a noite será maravilhosa

pode almoçar o que quiser,
e repetir,
te dou colher
faz daquele jeito carinhoso
e vai ficando pro jantar
tu vai ver só,
pode esperar
que a noite será maravilhosa",Tá perdoado
Ivan Lins,"lembra de mim 
dos beijos que escrevi nos muros a giz 
os mais bonitos continuam por lá 
documentando que alguém foi feliz 

lembra de mim 
nós dois nas ruas provocando os casais 
amando mais do que o amor é capaz 
perto daqui há tempos atrás 

lembra de mim 
a gente sempre se casava ao luar 
depois jogava nossos corpos no mar 
tão naufragados e exaustos de amar 

lembra de mim 
se existe um pouco de prazer em sofrer 
querer te ver talvez eu fosse capaz 
perto daqui ou, tarde demais 

lembra de mim...",Lembra de Mim
Novos Baianos,"chegou a hora dessa gente bronzeada mostrar seu valor
eu fui à penha, fui pedir ao padroeiro para me ajudar
salve o morro do vintém, pendura a saia eu quero ver
eu quero ver o tio sam tocar pandeiro para o mundo sambar

o tio sam está querendo conhecer a nossa batucada
anda dizendo que o molho da baiana melhorou seu prato
vai entrar no cuzcuz, acarajé e abará
na casa branca já dançou a batucada de ioiô, iaiá

brasil, esquentai vossos pandeiros
iluminai os terreiros que nós queremos sambar!

há quem sambe diferente noutras terras, noutra gente
num batuque de matar
batucada, reunir nossos valores
pastorinhas e cantores
expressão que não tem par, ó meu brasil

brasil, esquentai vossos pandeiros
iluminai os terreiros que nós queremos sambar!

brasil, esquentai vossos pandeiros
iluminai os terreiros que nós queremos sambar!

ô, ô, sambar.
ô, ô, sambar...",Brasil Pandeiro
Tim Maia,"uh! uh! uh! que beleza!
uh! uh! uh! que beleza!
que beleza é sentir a natureza
ter certeza pr'onde vai 
e de onde vem
que beleza é vir da pureza
e sem medo distinguir 
o mal e o bem...
uh! uh! uh! que beleza!
uh! uh! uh! que beleza!
que beleza é saber seu nome
sua origem, seu passado 
e seu futuro.
que beleza é conhecer 
o desencanto
e ver tudo bem mais clar
no escuro...
uh! uh! uh! que beleza!
uh! uh! uh! que beleza!
abra a porta 
e vai entrando
felicidade vai 
brilhar no mundo
que beleza! que beleza!... 
uh! uh! uh! que beleza!
uh! uh! uh! que beleza!",Que Beleza
Djavan,"pai e mãe
ouro de mina
coração
desejo e sina
tudo mais
pura rotina
jazz...

tocarei seu nome
pra poder
falar de amor
minha princesa
art nouveau
da natureza
tudo mais
pura beleza
jazz...

a luz de um grande prazer
é irremediável néon
quando o grito do prazer
açoitar o ar
reveillon...
o luar
estrela do mar
o sol e o dom
quiçá um dia
a fúria, desse front
virá
lapidar o sonho
até gerar o som
como querer
caetanear
o que há de bom.



© 1982 luanda edições musicais ltda.",Sina
Novos Baianos,"enquanto eu corria, assim eu ia
eu ia lhe chamar enquanto corria a barca 

por minha cabeça não passava
só, só, somente só
assim vou lhe chamar, assim você vai ser 


lá iá lá lá iá, lá lá lá iá, lá iá
preta, preta, pretinha 
eu ia lhe chamar enquanto corria a barca

abre a porta e a janela e vem ver o sol nascer 

eu sou um pássaro que vivo avoando
vivo avoando sem nunca mais parar
ai, ai, ai, ai saudade não venha me matar 


by jpr",Preta Pretinha
Zé Ramalho,"eu desço dessa solidão
espalho coisas sobre um chão de giz
há, meros devaneios tolos a me torturar
fotografias recortadas em jornais de folhas, amiúde...
eu vou te jogar num pano de guardar confetes
eu vou te jogar num pano de guardar confetes

disparo balas de canhão
é inútil pois existe um grã-vizir
há tantas violetas velhas sem um colibri
queria usar, quem sabe, uma camisa de força ou de
vênus
mas não vou gozar de nós apenas um cigarro
nem vou lhe beijar, gastando assim o meu batom

agora pego um caminhão, na lona vou a nocaute outra
vez
pra sempre fui acorrentado no seu calcanhar
meus vinte anos de boy, that's over baby! freud
explica
não vou me sujar fumando apenas um cigarro
nem vou lhe beijar gastando assim o meu batom
quanto ao pano dos confetes, já passou meu carnaval
e isso explica por que o sexo é assunto popular.

no mais
estou indo embora
no mais
estou indo embora
no mais",Chão de Giz
Maria Bethânia,"samba da benção
(vinícius de moraes)

é melhor ser alegre que ser triste
alegria é a melhor coisa que existe
é assim como a luz no coração
mas pra fazer um samba um samba com beleza
é preciso um bocado de tristeza
senão não se faz um samba, não

fazer samba não é contar piada
quem faz samba assim não é de nada
o bom samba é uma forma de oração
porque o samba é a tristeza que balança
e a tristeza tem sempre uma esperança 
de um dia não ser mais triste não...

ponha um pouco de amor numa cadência
e vai ver que ninguém no mundo vence
a beleza que tem um samba não
porque o samba nasceu lá na bahia
e se hoje ele é branco na poesia
se hoje ele é branco na poesia
ele é negro demais no coração",Samba da Bênção
Rita Lee,"lança menina, lança todo este perfume
desbaratina não dá pra ficar imune
ao teu amor que tem cheiro de coisa maluca

vem cá meu bem, me descola um carinho
eu sou neném, só sossego com beijinho
e vê se me dá o prazer de ter prazer comigo

me aqueça
me vira de ponta cabeça
me faz de gato e sapato e...
me deixa de quatro no ato
me enche de amor, de amor

lança, lança perfume
oh oh oh oh lança, lança perfume
lança perfume....",Lança Perfume
Chico Buarque,"o que será que será
que andam suspirando pelas alcovas
que andam sussurrando em versos e trovas
que andam combinando no breu das tocas
que anda nas cabeças, anda nas bocas
que andam acendendo velas nos becos
que estão falando alto pelos botecos
que gritam nos mercados, que com certeza
está na natureza, será que será
o que não tem certeza, nem nunca terá
o que não tem conserto, nem nunca terá
o que não tem tamanho

o que será que será
que vive nas ideias desses amantes
que cantam os poetas mais delirantes
que juram os profetas embriagados
que está na romaria dos mutilados
que está na fantasia dos infelizes
que está no dia a dia das meretrizes
no plano dos bandidos, dos desvalidos
em todos os sentidos, será que será
o que não tem decência, nem nunca terá
o que não tem censura, nem nunca terá
o que não faz sentido

o que será que será
que todos os avisos não vão evitar
porque todos os risos vão desafiar
porque todos os sinos irão repicar
porque todos os hinos irão consagrar
e todos os meninos vão desembestar
e todos os destinos irão se encontrar
e mesmo o padre eterno que nunca foi lá
olhando aquele inferno, vai abençoar
o que não tem governo, nem nunca terá
o que não tem vergonha, nem nunca terá
o que não tem juízo",O Que Será (A Flor Da Terra)
Jorge Ben Jor,"oba lá vem ela estou de olho nela
não me importo que ela não me olhe
não diga nada e nem saiba que eu existo
quem eu sou pois eu sei muito bem que ela é
e fico contente só em ver ela passar
oba lá vem ela estou de olho nela
a noite é linda e ela mais ainda
todinha de rosa mais linda
mais meiga que uma rosa
oba lá vem ela estou de olho nela
não me importo que falem que pensem
pois sem saber ela é minha alegria
ela tem um perfume de uma flor que eu não sei o nome
mas ela deve ter um nome bonito igual a ela
oba lá vem ela estou de olho nela","Oba, Lá Vem Ela"
João Bosco,"caía a tarde feito um viaduto
e um bêbado trajando luto
me lembrou carlitos...
a lua
tal qual a dona do bordel
pedia a cada estrela fria
um brilho de aluguel
e nuvens!
lá no mata-borrão do céu
chupavam manchas torturadas
que sufoco!
louco!
o bêbado com chapéu-coco
fazia irreverências mil
prá noite do brasil.
meu brasil!...
que sonha com a volta
do irmão do henfil.
com tanta gente que partiu
num rabo de foguete
chora!
a nossa pátria
mãe gentil
choram marias
e clarisses
no solo do brasil...
mas sei, que uma dor
assim pungente
não há de ser inutilmente
a esperança...
dança na corda bamba
de sombrinha
e em cada passo
dessa linha
pode se machucar...
asas!
a esperança equilibrista
sabe que o show
de todo artista
tem que continuar.",O Bêbado e a Equilibrista
